land use,offsets,transportation,heating,energy,pollution/waste,building,climate impacts,industry
agriculture,offset,transportation,heater,hydrogen,waste,interior,flooding,industrial
irrigation,carbon offset,transit,thermostat,megawatt,landfill,build,flood,industries
agricultural,carbon capture,transport,gallon,electrification,incineration,plumbing,rainfall,machinery
farming,carbon sink,rail,heating,hydro,sludge,refurbishment,storm,industry
livestock,sequester,ridership,boiler,kwh,disposal,house,drought,chemical
farm,sequestration,commuter,cooling,electricity,dispose,wall,rain,mining
rural,carbon sequestration,airport,heating,kilowatt,recycling,tower,preparedness,mechanical
crop,,travel,boiler,vehicles,composting,floor,disaster,factory
dairy,,vehicles,heat,energy,garbage,homes,watershed,steel
farmer,,passenger,temperature,megawatt,trash,architectural,catchment,metal
cattle,,occupant,thermal,electrification,recycle,architecture,severe,freight
erosion,,commuting,heater,hydro,recyclable,facility,basin,intermodal
runoff,,tram,thermostat,kwh,compostable,lighting,impacts,manufacture
soil,,bus,ventilation,electricity,recycled,reconstruction,drainage,operations
fertilizer,,railway,overheat,kilowatt,scrap,residence,rainwater,warehouse
manure,,highway,furnace,cogeneration,pollution,work,groundwater,goods
land,,roadway,hvac,biomass,polluting,home,hazard,bulk
commodity,,taxis,insulation,renewable,pollutant,dwelling,burning,heavy
drought,,taxi,insulate,hydropower,compost,architect,crisis,packaging
plants,,parking,flow,renewables,toxic,retrofit,climatic,manufacturer
harvesting,,train,steam,geothermal,methane,construction,shelter,facilities
harvest,,vehicle,melt,biogas,hazardous,demolition,catastrophic,inspection
food,,bicycle,circulation,power,contamination,renovation,potable,manufacturing
organic,,commute,cool,photovoltaic,sewage,building,weather,supply chain
planting,,carpool,refrigeration,solar,sewer,concrete,forecast,
landscape,,driving,stove,fuels,wastewater,infill,damage,
plant,,cars,air,fuel,stormwater,buildings,threat,
vegetable,,mileage,electrical,electric,plastic,structural,dangerous,
fertilizer,,engine,conditioning,wind,cleaning,design,vulnerable,
manure,,exhaust,conditioner,turbine,sulfur,contractor,threaten,
acre,,motor,refrigerator,coal,,residential,risk,
hectare,,cars,refrigerant,radiation,,multifamily,harm,
forestry,,metro,,biodiesel,,maintenance,,
land,,bike,,ethanol,,structure,,
environmentally,,gasoline,,biofuel,,construct,,
greening,,gas,,fuel,,facade,,
livable,,diesel,,propane,,exterior,,
biodiversity,,petrol,,fuels,,bridge,,
stewardship,,petroleum,,nuclear,,roofing,,
reforestation,,oil,,combustion,,roof,,
conservation,,shuttle,,emission,,housing,,
ozone,,flight,,biodiesel,,development,,
forest,,walking,,ethanol,,durable,,
wetland,,trip,,biofuel,,builder,,
ecosystem,,aviation,,energy,,installation,,
greening,,motorist,,glazing,,permitting,,
wildlife,,truck,,hybrid,,,,
vegetation,,motorcycle,,charging,,,,
habitat,,station,,battery,,,,
preservation,,journeys,,lpg,,,,
ecological,,driver,,fossil,,,,
forestry,,bicycling,,powered,,,,
forest,,street,,grid,,,,
ecosystem,,destination,,efficiency,,,,
species,,cyclist,,utilization,,,,
specie,,car,,supply,,,,
reclamation,,journey,,efficient,,,,
restoration,,vehicular,,generate,,,,
marine,,walk,,generator,,,,
parks,,automobile,,generation,,,,
ozone,,route,,pipeline,,,,
nature,,scooter,,sunlight,,,,
animal,,pedestrian,,fluctuation,,,,
gardens,,cycling,,,,,,
bird,,biking,,,,,,
sea,,downtown,,,,,,
basin,,auto,,,,,,
waterway,,traffic,,,,,,
river,,rooftop,,,,,,
ocean,,drive,,,,,,
garden,,carpooling,,,,,,
gardening,,rider,,,,,,
ecologically,,road,,,,,,
pesticide,,ride,,,,,,
creek,,lane,,,,,,
fruit,,corridor,,,,,,
pest,,sidewalk,,,,,,
grass,,tire,,,,,,
regeneration,,mile,,,,,,
gardening,,parking,,,,,,
tree,,freight,,,,,,
lake,,,,,,,,
pond,,,,,,,,
fish,,,,,,,,
nutrient,,,,,,,,
fishing,,,,,,,,
seed,,,,,,,,
habitat,,,,,,,,
parks,,,,,,,,
parks,,,,,,,,
parcel,,,,,,,,
